line_id,劇本標題,角色,原文,口語稿,情緒稿,ElevenLabs_input,情緒,強度,導演筆記,改寫註記,聲線,模式,句後停頓_ms,utterance_id,同段句子,分組理由
s1_001,S1 標題：XXX,阿龐,菲菲，店門口外一直站著一個人，在那邊盯著我們看耶……,菲菲， 店門口外一直站著一個人...在那邊盯著我們看耶...,[hesitant] 菲菲，[pause] 店門口外一直站著一個人...在那邊盯著我們看耶...,[strong Taiwanese Mandarin accent] [hesitant] 菲菲，[short pause] 店門口外一直站著一個人...在那邊盯著我們看耶...,不安通報,0.45,壓低聲音通報，句尾拉長帶著不安。,,,subtitle_only,300,s1_001,s1_001,單句或與相鄰句的情緒／角色不同。
s1_002,S1 標題：XXX,菲菲,是客人嗎？那快請他進來啊！,是客人嗎？  那快請他進來啊！,[curious] 是客人嗎？[pause] [excited] 那快請他進來啊！,[strong Taiwanese Mandarin accent] [curious] 是客人嗎？[short pause] [excited] 那快請他進來啊！,期待客人,0.6,完全沒在意外面的異狀，只想到有生意上門。,,fei_fei_final,tts,350,s1_002,s1_002,單句或與相鄰句的情緒／角色不同。
s1_003,S1 標題：XXX,阿龐,應該不是，因為他……頭戴著一個紙袋。,應該不是，因為他... 頭戴著一個紙袋。,[hesitant] 應該不是，因為他...[pause] 頭戴著一個紙袋。,[strong Taiwanese Mandarin accent] [hesitant] 應該不是，因為他...[short pause] 頭戴著一個紙袋。,難以形容,0.4,停頓是在想怎麼描述，最後老實說出紙袋。,,,subtitle_only,250,s1_003,s1_003,單句或與相鄰句的情緒／角色不同。
s1_004,S1 標題：XXX,菲菲,頭戴紙袋！？該不會是——,頭戴紙袋！？ 該不會是——,頭戴紙袋！？[pause] 該不會是——,[strong Taiwanese Mandarin accent] 投戴紙袋！？[short pause] 該不會是——,驚疑,0.8,拔尖地重複關鍵字，後半句往最壞的方向猜，被打斷；驚疑交給驚嘆號與問號，不另外下 tag。,,fei_fei_final,tts,120,s1_004,s1_004,單句或與相鄰句的情緒／角色不同。
s1_005,S1 標題：XXX,紙袋君,——不好意思。,——不好意思。,[calm] ——不好意思。,[strong Taiwanese Mandarin accent] [calm] ——不好意思。,平靜打斷,0.3,語氣意外地平常，與菲菲的驚慌形成對比。,,,subtitle_only,200,s1_005,s1_005,單句或與相鄰句的情緒／角色不同。
s1_006,S1 標題：XXX,阿龐,他進來啦！！！,他進來啦！！！,[excited] 他進來啦！！！,[strong Taiwanese Mandarin accent] [excited] 他進來啦！！！,驚叫,0.9,整場音量最高的一句，純粹是嚇到大叫。,,,subtitle_only,150,s1_006,s1_006,單句或與相鄰句的情緒／角色不同。
s1_007,S1 標題：XXX,菲菲,那個先生，我們這間店很窮啦。,那個先生... 我們這間店很窮啦。,[nervous] 那個先生...[pause] 我們這間店很窮啦。,"[strong Taiwanese Mandarin accent] [nervous] 那個先生...[short pause] 我們這間店很窮啦。
[stammering] 你...你...你...你要搶劫的話，[short pause] 看要不要考慮其他便利商店...",緊張求饒,0.7,先客氣稱呼再自曝家貧，想勸退對方；害怕但還在講道理。,,fei_fei_final,tts,350,s1_u007_008,s1_007|s1_008,先說店裡很窮，再結巴著建議去搶別家，是同一口氣講完的慌張。
s1_008,S1 標題：XXX,菲菲,你你你你要搶劫的話，看要不要考慮其他便利商店……,你...你...你...你要搶劫的話， 看要不要考慮其他便利商店...,[stammering] 你...你...你...你要搶劫的話，[pause] 看要不要考慮其他便利商店...,"[strong Taiwanese Mandarin accent] [nervous] 那個先生...[short pause] 我們這間店很窮啦。
[stammering] 你...你...你...你要搶劫的話，[short pause] 看要不要考慮其他便利商店...",慌張推薦,0.75,結巴照原稿唸出來，句尾越說越小聲，像真心在幫忙介紹別家；四個『你』要各自聽得出來。,,fei_fei_final,tts,250,s1_u007_008,s1_007|s1_008,先說店裡很窮，再結巴著建議去搶別家，是同一口氣講完的慌張。
s1_009,S1 標題：XXX,紙袋君,……不好意思，我是來應徵的。,...不好意思， 我是來應徵的。,[calm] ...不好意思，[pause] 我是來應徵的。,[strong Taiwanese Mandarin accent] [calm] ...不好意思，[short pause] 我是來應徵的。,澄清誤會,0.3,依舊平穩，完全不因被當成搶匪而動氣。,,,subtitle_only,300,s1_009,s1_009,單句或與相鄰句的情緒／角色不同。
s1_010,S1 標題：XXX,菲菲,不是搶劫？,不是...搶劫？,[surprise] 不是...搶劫？,"[strong Taiwanese Mandarin accent] [surprised] 不是...搶劫？
[curious] 硬徵的話，[short pause] 你幹嘛戴著紙袋？",半信半疑,0.55,鬆一口氣但還沒完全相信，句尾上揚。,,fei_fei_final,tts,350,s1_u010_011,s1_010|s1_011,確認不是搶劫後鬆一口氣，緊接著追問紙袋的事，都是同一種半信半疑。
s1_011,S1 標題：XXX,菲菲,應徵的話，你幹嘛戴著紙袋？,應徵的話， 你幹嘛戴著紙袋？,[curious] 應徵的話，[pause] 你幹嘛戴著紙袋？,"[strong Taiwanese Mandarin accent] [surprised] 不是...搶劫？
[curious] 硬徵的話，[short pause] 你幹嘛戴著紙袋？",直接追問,0.55,回到店長模式，把最想問的問題直接問出來。,,fei_fei_final,tts,350,s1_u010_011,s1_010|s1_011,確認不是搶劫後鬆一口氣，緊接著追問紙袋的事，都是同一種半信半疑。
s1_012,S1 標題：XXX,紙袋君,呃……這樣臉不會弄髒，比較方便。,呃... 這樣臉不會弄髒，比較方便。,[hesitant] 呃...[pause] 這樣臉不會弄髒，比較方便。,[strong Taiwanese Mandarin accent] [hesitant] 呃...[short pause] 這樣臉不會弄髒，比較方便。,含糊帶過,0.35,明顯在敷衍，但講得很認真，笑點在這裡。,,,subtitle_only,400,s1_012,s1_012,單句或與相鄰句的情緒／角色不同。
s1_013,S1 標題：XXX,菲菲,………,………,………,[strong Taiwanese Mandarin accent] ………,無言沉默,0.2,留白一拍，讓觀眾感覺到菲菲正在消化這個理由。,,,subtitle_only,200,s1_013,s1_013,單句或與相鄰句的情緒／角色不同。
s1_014,S1 標題：XXX,菲菲,不，你這理由實在是太可疑了……,不， 你這理由實在是太可疑了...,[amused] 不，[pause] 你這理由實在是太可疑了...,[strong Taiwanese Mandarin accent] [amused] 不，[short pause] 你這理由實在是太可疑了...,無力吐槽,0.5,像朋友間翻白眼吐槽，不是嚴厲指控；句尾放掉。,,fei_fei_final,tts,350,s1_014,s1_014,單句或與相鄰句的情緒／角色不同。
s1_015,S1 標題：XXX,紙袋君,不然我只要一半薪水就好。,不然... 我只要一半薪水就好。,[calm] 不然...[pause] 我只要一半薪水就好。,[strong Taiwanese Mandarin accent] [calm] 不然...[short pause] 我只要一半薪水就好。,平靜讓步,0.35,像在報一個早就算好的數字，語氣沒有懇求。,,,subtitle_only,150,s1_015,s1_015,單句或與相鄰句的情緒／角色不同。
s1_016,S1 標題：XXX,菲菲,好的，歡迎你加入我們這個大家庭。,好的！  歡迎你加入我們這個大家庭。,[excited] 好的！[pause] [warmly] 歡迎你加入我們這個大家庭。,[strong Taiwanese Mandarin accent] [excited] 好的！[short pause] [warmly] 歡迎你加入我們這個大家庭。,秒變熱情,0.8,翻臉般立刻答應，前一句的懷疑完全消失；轉折越快越好笑。,,fei_fei_final,tts,350,s1_016,s1_016,單句或與相鄰句的情緒／角色不同。
s1_017,S1 標題：XXX,紙袋君,謝謝妳。,謝謝妳。,[warmly] 謝謝妳。,[strong Taiwanese Mandarin accent] [warmly] 謝謝妳。,簡短道謝,0.35,短而誠懇，第一次露出一點溫度。,,,subtitle_only,250,s1_017,s1_017,單句或與相鄰句的情緒／角色不同。
s1_018,S1 標題：XXX,阿龐,大哥你想清楚，我們本來的薪水就不高了耶。,大哥，你想清楚... 我們本來的薪水就不高了耶。,[hesitant] 大哥，你想清楚...[pause] 我們本來的薪水就不高了耶。,[strong Taiwanese Mandarin accent] [hesitant] 大哥，你想清楚...[short pause] 我們本來的薪水就不高了耶。,好心提醒,0.45,站在同事立場替對方著想，帶一點自嘲。,,,subtitle_only,350,s1_018,s1_018,單句或與相鄰句的情緒／角色不同。
s1_019,S1 標題：XXX,紙袋君,叫我紙袋君就可以了，所以是立刻上班嗎？,叫我紙袋君就可以了， 所以...是立刻上班嗎？,[calm] 叫我紙袋君就可以了，[pause] 所以...是立刻上班嗎？,[strong Taiwanese Mandarin accent] [calm] 叫我紙袋君就可以了，[short pause] 所以...是立刻上班嗎？,自報稱呼,0.4,跳過薪水話題，直接問上班時間，顯得很急著開始工作。,,,subtitle_only,350,s1_019,s1_019,單句或與相鄰句的情緒／角色不同。
s1_020,S1 標題：XXX,菲菲,可以當然最好了，你的專長是什麼？,可以當然最好了！  你的專長是什麼？,[excited] 可以當然最好了！[pause] [curious] 你的專長是什麼？,[strong Taiwanese Mandarin accent] [excited] 可以當然最好了！[short pause] [curious] 你的專長是什麼？,興頭上追問,0.65,前半句是佔到便宜的高興，後半句轉為正式的面試問題。,,fei_fei_final,tts,350,s1_020,s1_020,單句或與相鄰句的情緒／角色不同。
s1_021,S1 標題：XXX,紙袋君,唔嗯……很難仔細說明。,唔嗯... 很難仔細說明。,[thoughtful] 唔嗯...[pause] 很難仔細說明。,"[strong Taiwanese Mandarin accent] [thoughtful] 唔嗯...[short pause] 很難仔細說明。
[confident] 舉例來說，[short pause] 照那個貨架的擺法，商品的轉換率會差 12%。",含糊其詞,0.35,像在想怎麼開口，不是不會答。,,,subtitle_only,350,s1_u021_022,s1_021|s1_022,先說很難說明，接著改用貨架轉換率舉例，是同一段自我介紹專長。
s1_022,S1 標題：XXX,紙袋君,舉例來說，照那個貨架的擺法，商品的轉換率會差 12%。,舉例來說， 照那個貨架的擺法，商品的轉換率會差 12%。,[confident] 舉例來說，[pause] 照那個貨架的擺法，商品的轉換率會差 12%。,"[strong Taiwanese Mandarin accent] [thoughtful] 唔嗯...[short pause] 很難仔細說明。
[confident] 舉例來說，[short pause] 照那個貨架的擺法，商品的轉換率會差 12%。",專業舉例,0.45,一開口就變成另一個人，數字說得很順、很篤定。,,,subtitle_only,250,s1_u021_022,s1_021|s1_022,先說很難說明，接著改用貨架轉換率舉例，是同一段自我介紹專長。
s1_023,S1 標題：XXX,阿龐,⋯⋯什麼是轉換率？,⋯⋯什麼是轉換率？,[curious] ⋯⋯什麼是轉換率？,[strong Taiwanese Mandarin accent] [curious] ⋯⋯什麼是轉換率？,跟不上,0.4,老實舉手發問，代替觀眾問出這個字。,,,subtitle_only,200,s1_023,s1_023,單句或與相鄰句的情緒／角色不同。
s1_024,S1 標題：XXX,紙袋君,就是每天來店的顧客轉化成消費的比率。,就是每天來店的顧客， 轉化成消費的比率。,[calm] 就是每天來店的顧客，[pause] 轉化成消費的比率。,"[strong Taiwanese Mandarin accent] [calm] 就是每天來店的顧客，[short pause] 轉化成消費的比率。
[confident] 還有建議降低女性用品貨架第二層高度，[short pause] 大概 5 mm左右。
[calm] 這樣會與消費族群女性顧客的...[short pause] 平均視線高度對齊。
[confident] 會顯得比較親近無距離，[short pause] 推估可以提高8%的轉換率。",耐心解釋,0.35,像在教同事，語速平穩不炫技。,,,subtitle_only,350,s1_u024_027,s1_024|s1_025|s1_026|s1_027,解釋轉換率並一路提出貨架高度與視線對齊的建議，是同一段平穩的專業說明。
s1_025,S1 標題：XXX,紙袋君,還有建議降低女性用品貨架第二層高度大概 5 mm左右。,還有建議降低女性用品貨架第二層高度， 大概 5 mm左右。,[confident] 還有建議降低女性用品貨架第二層高度，[pause] 大概 5 mm左右。,"[strong Taiwanese Mandarin accent] [calm] 就是每天來店的顧客，[short pause] 轉化成消費的比率。
[confident] 還有建議降低女性用品貨架第二層高度，[short pause] 大概 5 mm左右。
[calm] 這樣會與消費族群女性顧客的...[short pause] 平均視線高度對齊。
[confident] 會顯得比較親近無距離，[short pause] 推估可以提高8%的轉換率。",具體提案,0.45,把精確到毫米的建議講得像日常小事。,,,subtitle_only,350,s1_u024_027,s1_024|s1_025|s1_026|s1_027,解釋轉換率並一路提出貨架高度與視線對齊的建議，是同一段平穩的專業說明。
s1_026,S1 標題：XXX,紙袋君,這樣會與消費族群女性顧客的平均視線高度對齊。,這樣會與消費族群女性顧客的... 平均視線高度對齊。,[calm] 這樣會與消費族群女性顧客的...[pause] 平均視線高度對齊。,"[strong Taiwanese Mandarin accent] [calm] 就是每天來店的顧客，[short pause] 轉化成消費的比率。
[confident] 還有建議降低女性用品貨架第二層高度，[short pause] 大概 5 mm左右。
[calm] 這樣會與消費族群女性顧客的...[short pause] 平均視線高度對齊。
[confident] 會顯得比較親近無距離，[short pause] 推估可以提高8%的轉換率。",說明理由,0.4,接續上一句的邏輯，語氣不變，像在唸內部報告。,,,subtitle_only,350,s1_u024_027,s1_024|s1_025|s1_026|s1_027,解釋轉換率並一路提出貨架高度與視線對齊的建議，是同一段平穩的專業說明。
s1_027,S1 標題：XXX,紙袋君,會顯得比較親近無距離，推估可以提高8%的轉換率。,會顯得比較親近無距離， 推估可以提高8%的轉換率。,[confident] 會顯得比較親近無距離，[pause] 推估可以提高8%的轉換率。,"[strong Taiwanese Mandarin accent] [calm] 就是每天來店的顧客，[short pause] 轉化成消費的比率。
[confident] 還有建議降低女性用品貨架第二層高度，[short pause] 大概 5 mm左右。
[calm] 這樣會與消費族群女性顧客的...[short pause] 平均視線高度對齊。
[confident] 會顯得比較親近無距離，[short pause] 推估可以提高8%的轉換率。",收束結論,0.45,用數字收尾，把整段提案講完。,,,subtitle_only,400,s1_u024_027,s1_024|s1_025|s1_026|s1_027,解釋轉換率並一路提出貨架高度與視線對齊的建議，是同一段平穩的專業說明。
s1_028,S1 標題：XXX,阿龐,………,………,………,"[strong Taiwanese Mandarin accent] ………
[hesitant] 菲菲，[short pause] 妳聽得懂他在說什麼嗎？",完全當機,0.2,留白一拍，表示已經完全跟不上了。,,,subtitle_only,200,s1_u028_029,s1_028|s1_029,先沉默，再向菲菲求救，是同一個聽不懂的反應。
s1_029,S1 標題：XXX,阿龐,菲菲，妳聽得懂他在說什麼嗎？,菲菲， 妳聽得懂他在說什麼嗎？,[hesitant] 菲菲，[pause] 妳聽得懂他在說什麼嗎？,"[strong Taiwanese Mandarin accent] ………
[hesitant] 菲菲，[short pause] 妳聽得懂他在說什麼嗎？",小聲求救,0.45,側身對菲菲小聲問，不想讓新人聽見。,,,subtitle_only,350,s1_u028_029,s1_028|s1_029,先沉默，再向菲菲求救，是同一個聽不懂的反應。
s1_030,S1 標題：XXX,菲菲,聽不懂，但感覺很厲害。,聽不懂... 但感覺很厲害。,[amused] 聽不懂...[pause] 但感覺很厲害。,"[strong Taiwanese Mandarin accent] [amused] 聽不懂...[short pause] 但感覺很厲害。
[confident] 都照只袋軍的話...[short pause] 去調整！",誠實佩服,0.5,坦白承認聽不懂，後半句是真心的佩服，帶笑意。,,fei_fei_final,tts,350,s1_u030_031,s1_030|s1_031,承認聽不懂卻很佩服，順勢決定照做，是同一段從佩服到拍板的話。
s1_031,S1 標題：XXX,菲菲,都照紙袋君的話去調整！,都照紙袋君的話... 去調整！,[confident] 都照紙袋君的話...[pause] 去調整！,"[strong Taiwanese Mandarin accent] [amused] 聽不懂...[short pause] 但感覺很厲害。
[confident] 都照只袋軍的話...[short pause] 去調整！",果斷下令,0.7,店長拍板定案，聲音抬起來，替整幕收尾。,,fei_fei_final,tts,700,s1_u030_031,s1_030|s1_031,承認聽不懂卻很佩服，順勢決定照做，是同一段從佩服到拍板的話。
